Index,0,1,2,Ensemble_Decision
0,0.491,0.438,0.07,0
1,0.42,0.456,0.123,1
2,0.498,0.485,0.017,0
3,0.466,0.515,0.019,1
4,0.503,0.476,0.02,0
5,0.651,0.334,0.014,0
6,0.48,0.506,0.014,1
7,0.474,0.514,0.012,1
8,0.612,0.375,0.013,0
9,0.359,0.625,0.017,1
10,0.426,0.562,0.012,1
11,0.373,0.614,0.013,1
12,0.419,0.558,0.023,1
13,0.426,0.557,0.017,1
14,0.466,0.52,0.014,1
15,0.414,0.571,0.015,1
16,0.38,0.607,0.014,1
17,0.521,0.467,0.012,0
18,0.454,0.526,0.02,1
19,0.582,0.391,0.027,0
20,0.523,0.465,0.012,0
21,0.365,0.495,0.14,1
22,0.427,0.558,0.015,1
23,0.496,0.454,0.05,0
24,0.5,0.421,0.079,0
25,0.462,0.465,0.072,1
26,0.327,0.593,0.08,1
27,0.479,0.509,0.012,1
28,0.491,0.482,0.026,0
29,0.283,0.702,0.015,1
30,0.507,0.453,0.04,0
31,0.393,0.598,0.009,1
32,0.436,0.551,0.013,1
33,0.484,0.491,0.025,1
34,0.631,0.344,0.025,0
35,0.578,0.407,0.015,0
36,0.331,0.652,0.017,1
37,0.575,0.414,0.012,0
38,0.538,0.44,0.022,0
39,0.488,0.501,0.012,1
40,0.459,0.51,0.031,1
41,0.414,0.564,0.022,1
42,0.43,0.536,0.034,1
43,0.354,0.537,0.109,1
44,0.471,0.513,0.016,1
45,0.5,0.402,0.099,0
46,0.385,0.561,0.054,1
47,0.448,0.515,0.037,1
48,0.737,0.25,0.012,0
49,0.495,0.478,0.027,0
50,0.438,0.55,0.012,1
51,0.556,0.433,0.011,0
52,0.435,0.525,0.041,1
53,0.28,0.657,0.063,1
54,0.398,0.453,0.149,1
55,0.487,0.442,0.07,0
56,0.495,0.411,0.093,0
57,0.442,0.53,0.029,1
58,0.33,0.63,0.041,1
59,0.526,0.439,0.035,0
60,0.622,0.362,0.015,0
61,0.501,0.476,0.023,0
62,0.424,0.561,0.015,1
63,0.471,0.518,0.011,1
64,0.489,0.494,0.018,1
65,0.551,0.439,0.01,0
66,0.471,0.492,0.037,1
67,0.473,0.509,0.017,1
68,0.373,0.614,0.014,1
69,0.445,0.54,0.015,1
70,0.397,0.586,0.018,1
71,0.461,0.417,0.122,0
72,0.408,0.494,0.097,1
73,0.559,0.429,0.012,0
74,0.408,0.512,0.08,1
75,0.484,0.49,0.026,1
76,0.471,0.512,0.017,1
77,0.41,0.565,0.025,1
78,0.539,0.447,0.013,0
79,0.504,0.396,0.1,0
80,0.475,0.512,0.013,1
81,0.368,0.619,0.013,1
82,0.508,0.478,0.014,0
83,0.298,0.691,0.011,1
84,0.391,0.587,0.021,1
85,0.424,0.558,0.018,1
86,0.429,0.554,0.017,1
87,0.531,0.46,0.009,0
88,0.406,0.584,0.009,1
89,0.475,0.43,0.094,0
90,0.494,0.48,0.026,0
91,0.403,0.364,0.233,0
92,0.434,0.551,0.015,1
93,0.426,0.56,0.014,1
94,0.663,0.327,0.01,0
95,0.491,0.426,0.083,0
96,0.423,0.504,0.072,1
97,0.461,0.516,0.023,1
98,0.451,0.531,0.018,1
99,0.388,0.595,0.017,1
100,0.488,0.496,0.016,1
101,0.42,0.463,0.116,1
102,0.498,0.487,0.014,0
103,0.616,0.369,0.015,0
104,0.366,0.619,0.015,1
105,0.496,0.486,0.018,0
106,0.403,0.573,0.024,1
107,0.384,0.595,0.02,1
108,0.559,0.391,0.05,0
109,0.531,0.387,0.082,0
110,0.331,0.588,0.081,1
111,0.519,0.463,0.018,0
112,0.485,0.49,0.025,1
113,0.612,0.361,0.027,0
114,0.61,0.357,0.033,0
115,0.488,0.402,0.11,0
116,0.44,0.546,0.014,1
117,0.53,0.39,0.08,0
118,0.485,0.496,0.019,1
119,0.398,0.589,0.013,1
120,0.522,0.423,0.056,0
121,0.534,0.454,0.012,0
122,0.501,0.438,0.06,0
123,0.468,0.522,0.01,1
124,0.337,0.659,0.004,1
125,0.42,0.535,0.045,1
126,0.481,0.502,0.017,1
127,0.47,0.511,0.019,1
128,0.337,0.653,0.01,1
129,0.482,0.505,0.014,1
130,0.349,0.636,0.015,1
131,0.389,0.581,0.03,1
132,0.444,0.53,0.026,1
133,0.498,0.489,0.012,0
134,0.387,0.547,0.067,1
135,0.559,0.427,0.014,0
136,0.589,0.399,0.012,0
137,0.499,0.484,0.017,0
138,0.532,0.449,0.018,0
139,0.344,0.604,0.052,1
140,0.439,0.549,0.012,1
141,0.389,0.596,0.015,1
142,0.419,0.555,0.026,1
143,0.522,0.355,0.123,0
144,0.384,0.547,0.068,1
145,0.47,0.507,0.023,1
146,0.457,0.421,0.123,0
147,0.534,0.457,0.01,0
148,0.479,0.505,0.016,1
149,0.44,0.541,0.019,1
150,0.478,0.488,0.034,1
151,0.498,0.486,0.015,0
152,0.432,0.503,0.065,1
153,0.625,0.361,0.013,0
154,0.422,0.551,0.027,1
155,0.368,0.612,0.021,1
156,0.443,0.53,0.027,1
157,0.437,0.553,0.01,1
158,0.594,0.388,0.018,0
159,0.504,0.466,0.031,0
160,0.491,0.355,0.154,0
161,0.342,0.532,0.126,1
162,0.553,0.434,0.013,0
163,0.254,0.729,0.017,1
164,0.479,0.451,0.07,0
165,0.416,0.468,0.116,1
166,0.545,0.427,0.028,0
167,0.496,0.473,0.031,0
168,0.463,0.518,0.019,1
169,0.488,0.493,0.019,1
170,0.377,0.6,0.023,1
171,0.57,0.415,0.015,0
172,0.493,0.497,0.01,1
173,0.447,0.516,0.037,1
174,0.413,0.568,0.019,1
175,0.373,0.56,0.067,1
176,0.367,0.622,0.011,1
177,0.372,0.617,0.011,1
178,0.549,0.438,0.013,0
179,0.384,0.601,0.015,1
180,0.478,0.504,0.019,1
181,0.608,0.358,0.034,0
182,0.481,0.407,0.112,0
183,0.548,0.369,0.083,0
184,0.352,0.544,0.104,1
185,0.428,0.504,0.068,1
186,0.243,0.745,0.012,1
187,0.433,0.533,0.034,1
188,0.561,0.426,0.013,0
189,0.451,0.385,0.164,0
190,0.619,0.347,0.033,0
191,0.546,0.441,0.013,0
192,0.58,0.41,0.011,0
193,0.421,0.568,0.01,1
194,0.41,0.578,0.012,1
195,0.473,0.512,0.015,1
196,0.418,0.571,0.011,1
197,0.142,0.855,0.003,1
198,0.463,0.519,0.018,1
199,0.617,0.373,0.01,0
200,0.333,0.649,0.018,1
201,0.38,0.603,0.017,1
202,0.358,0.61,0.033,1
203,0.464,0.438,0.098,0
204,0.475,0.5,0.024,1
205,0.443,0.418,0.139,0
206,0.518,0.469,0.013,0
207,0.411,0.48,0.109,1
208,0.433,0.38,0.187,0
209,0.296,0.693,0.011,1
210,0.542,0.444,0.014,0
211,0.472,0.505,0.023,1
212,0.48,0.501,0.019,1
213,0.439,0.535,0.027,1
214,0.37,0.459,0.172,1
215,0.506,0.457,0.037,0
216,0.363,0.626,0.011,1
217,0.513,0.44,0.047,0
218,0.423,0.566,0.011,1
219,0.427,0.55,0.022,1
220,0.549,0.422,0.029,0
221,0.397,0.519,0.084,1
222,0.333,0.647,0.019,1
223,0.458,0.503,0.039,1
224,0.313,0.672,0.015,1
225,0.437,0.461,0.102,1
226,0.442,0.548,0.009,1
227,0.653,0.31,0.037,0
228,0.37,0.616,0.013,1
229,0.512,0.337,0.151,0
230,0.577,0.398,0.025,0
231,0.576,0.406,0.018,0
232,0.339,0.649,0.013,1
233,0.349,0.534,0.117,1
234,0.351,0.632,0.018,1
235,0.42,0.569,0.01,1
236,0.559,0.271,0.171,0
237,0.466,0.448,0.085,0
238,0.448,0.368,0.183,0
239,0.372,0.38,0.249,1
240,0.486,0.409,0.104,0
241,0.445,0.536,0.018,1
242,0.398,0.574,0.028,1
243,0.493,0.49,0.017,0
244,0.465,0.509,0.026,1
245,0.397,0.523,0.08,1
246,0.427,0.543,0.03,1
247,0.561,0.421,0.018,0
248,0.552,0.422,0.026,0
249,0.428,0.556,0.017,1
250,0.436,0.497,0.066,1
251,0.667,0.309,0.024,0
252,0.485,0.502,0.014,1
253,0.481,0.497,0.022,1
254,0.498,0.49,0.012,0
255,0.352,0.594,0.053,1
256,0.494,0.486,0.02,0
257,0.334,0.628,0.038,1
258,0.407,0.502,0.091,1
259,0.494,0.455,0.051,0
260,0.465,0.524,0.011,1
261,0.334,0.655,0.012,1
262,0.385,0.437,0.178,1
263,0.588,0.396,0.016,0
264,0.398,0.589,0.013,1
265,0.358,0.627,0.015,1
266,0.509,0.479,0.012,0
267,0.386,0.601,0.012,1
268,0.407,0.582,0.011,1
269,0.426,0.53,0.044,1
270,0.285,0.487,0.228,1
271,0.508,0.472,0.02,0
272,0.479,0.474,0.047,0
273,0.509,0.473,0.018,0
274,0.361,0.628,0.011,1
275,0.491,0.422,0.087,0
276,0.565,0.416,0.019,0
277,0.064,0.934,0.002,1
278,0.38,0.607,0.013,1
279,0.335,0.568,0.098,1
280,0.285,0.607,0.107,1
281,0.446,0.247,0.307,0
282,0.486,0.501,0.014,1
283,0.502,0.488,0.01,0
284,0.355,0.632,0.013,1
285,0.554,0.373,0.073,0
286,0.431,0.35,0.219,0
287,0.394,0.596,0.01,1
288,0.608,0.358,0.034,0
289,0.425,0.563,0.012,1
290,0.404,0.336,0.26,0
291,0.561,0.418,0.021,0
292,0.464,0.445,0.091,0
293,0.384,0.582,0.034,1
294,0.485,0.491,0.024,1
295,0.564,0.419,0.017,0
296,0.336,0.613,0.052,1
297,0.336,0.642,0.021,1
298,0.44,0.485,0.075,1
299,0.331,0.629,0.04,1
300,0.478,0.506,0.017,1
301,0.412,0.572,0.016,1
302,0.351,0.575,0.074,1
303,0.667,0.197,0.136,0
304,0.55,0.436,0.013,0
305,0.524,0.439,0.037,0
306,0.296,0.698,0.006,1
307,0.571,0.416,0.013,0
308,0.565,0.323,0.113,0
309,0.371,0.603,0.027,1
310,0.602,0.371,0.027,0
311,0.325,0.639,0.035,1
312,0.572,0.408,0.02,0
313,0.528,0.456,0.016,0
314,0.373,0.602,0.025,1
315,0.608,0.377,0.015,0
316,0.509,0.471,0.02,0
317,0.491,0.363,0.147,0
318,0.451,0.51,0.039,1
319,0.536,0.449,0.015,0
320,0.73,0.252,0.018,0
321,0.464,0.519,0.016,1
322,0.654,0.336,0.01,0
323,0.497,0.375,0.128,0
324,0.444,0.489,0.067,1
325,0.492,0.431,0.076,0
326,0.324,0.66,0.016,1
327,0.375,0.609,0.016,1
328,0.502,0.484,0.014,0
329,0.56,0.429,0.012,0
330,0.556,0.43,0.013,0
331,0.456,0.425,0.119,0
332,0.412,0.569,0.019,1
333,0.352,0.624,0.024,1
334,0.603,0.383,0.015,0
335,0.473,0.514,0.012,1
336,0.427,0.543,0.03,1
337,0.444,0.534,0.023,1
338,0.559,0.4,0.041,0
339,0.565,0.422,0.013,0
340,0.391,0.592,0.017,1
341,0.43,0.554,0.017,1
342,0.345,0.584,0.071,1
343,0.339,0.639,0.022,1
344,0.52,0.462,0.018,0
345,0.325,0.662,0.012,1
346,0.47,0.512,0.017,1
347,0.358,0.316,0.326,0
348,0.475,0.497,0.028,1
349,0.356,0.626,0.018,1
350,0.425,0.56,0.015,1
351,0.403,0.571,0.026,1
352,0.295,0.698,0.007,1
353,0.4,0.581,0.019,1
354,0.429,0.548,0.023,1
355,0.545,0.426,0.029,0
356,0.545,0.417,0.039,0
357,0.379,0.608,0.013,1
358,0.376,0.593,0.031,1
359,0.406,0.576,0.018,1
360,0.6,0.387,0.013,0
361,0.355,0.52,0.126,1
362,0.423,0.558,0.019,1
363,0.544,0.43,0.025,0
364,0.473,0.479,0.048,1
365,0.454,0.529,0.017,1
366,0.584,0.396,0.02,0
367,0.556,0.415,0.029,0
368,0.454,0.51,0.035,1
369,0.456,0.533,0.01,1
370,0.459,0.522,0.019,1
371,0.403,0.587,0.011,1
372,0.488,0.346,0.165,0
373,0.479,0.503,0.018,1
374,0.465,0.517,0.019,1
375,0.541,0.361,0.099,0
376,0.294,0.7,0.007,1
377,0.668,0.312,0.019,0
378,0.394,0.594,0.012,1
379,0.426,0.509,0.065,1
380,0.349,0.624,0.027,1
381,0.593,0.312,0.095,0
382,0.489,0.46,0.051,0
383,0.465,0.515,0.02,1
384,0.434,0.504,0.063,1
385,0.491,0.491,0.019,0
386,0.393,0.584,0.023,1
387,0.422,0.554,0.024,1
388,0.686,0.295,0.019,0
389,0.57,0.407,0.023,0
390,0.422,0.501,0.077,1
391,0.336,0.308,0.356,2
392,0.621,0.364,0.015,0
393,0.351,0.358,0.292,1
394,0.459,0.509,0.031,1
395,0.562,0.414,0.024,0
396,0.514,0.475,0.011,0
397,0.496,0.473,0.031,0
398,0.419,0.566,0.015,1
399,0.493,0.481,0.027,0
400,0.489,0.478,0.033,0
401,0.369,0.601,0.029,1
402,0.385,0.572,0.043,1
403,0.481,0.407,0.112,0
404,0.417,0.572,0.011,1
405,0.482,0.502,0.016,1
406,0.451,0.524,0.024,1
407,0.371,0.59,0.039,1
408,0.484,0.48,0.036,0
409,0.344,0.518,0.138,1
410,0.432,0.543,0.025,1
411,0.674,0.31,0.016,0
412,0.359,0.556,0.086,1
413,0.327,0.64,0.033,1
414,0.527,0.463,0.01,0
415,0.647,0.339,0.014,0
416,0.587,0.402,0.011,0
417,0.687,0.287,0.025,0
418,0.589,0.385,0.026,0
419,0.536,0.445,0.019,0
420,0.366,0.61,0.023,1
421,0.476,0.509,0.015,1
422,0.404,0.558,0.038,1
423,0.287,0.692,0.021,1
424,0.396,0.59,0.015,1
425,0.416,0.524,0.06,1
426,0.499,0.488,0.013,0
427,0.485,0.448,0.067,0
428,0.548,0.434,0.017,0
429,0.509,0.474,0.018,0
430,0.488,0.415,0.097,0
431,0.434,0.541,0.026,1
432,0.385,0.584,0.031,1
433,0.497,0.378,0.126,0
434,0.487,0.463,0.05,0
435,0.481,0.507,0.012,1
436,0.399,0.509,0.091,1
437,0.568,0.411,0.021,0
438,0.399,0.529,0.072,1
439,0.541,0.45,0.009,0
440,0.525,0.454,0.021,0
441,0.292,0.624,0.085,1
442,0.386,0.601,0.013,1
443,0.405,0.577,0.018,1
444,0.553,0.298,0.149,0
445,0.469,0.519,0.011,1
446,0.394,0.42,0.186,1
447,0.544,0.443,0.014,0
448,0.317,0.616,0.067,1
449,0.452,0.539,0.01,1
450,0.528,0.395,0.077,0
451,0.442,0.542,0.015,1
452,0.482,0.428,0.09,0
453,0.452,0.535,0.013,1
454,0.049,0.95,0.001,1
455,0.29,0.699,0.011,1
456,0.53,0.457,0.012,0
457,0.388,0.549,0.063,1
458,0.359,0.583,0.058,1
459,0.392,0.52,0.088,1
460,0.424,0.503,0.072,1
461,0.382,0.581,0.037,1
462,0.438,0.511,0.051,1
463,0.423,0.552,0.025,1
464,0.498,0.489,0.014,0
465,0.406,0.52,0.074,1
466,0.446,0.519,0.035,1
467,0.62,0.358,0.021,0
468,0.537,0.455,0.009,0
469,0.386,0.544,0.07,1
470,0.517,0.469,0.014,0
471,0.373,0.494,0.132,1
472,0.513,0.456,0.031,0
473,0.378,0.389,0.234,1
474,0.562,0.422,0.016,0
475,0.474,0.486,0.041,1
476,0.53,0.458,0.012,0
477,0.504,0.475,0.021,0
478,0.338,0.641,0.02,1
479,0.501,0.479,0.02,0
480,0.454,0.468,0.079,1
481,0.454,0.529,0.017,1
482,0.412,0.527,0.061,1
483,0.56,0.429,0.012,0
484,0.478,0.483,0.039,1
485,0.52,0.412,0.068,0
486,0.566,0.419,0.015,0
487,0.311,0.674,0.015,1
488,0.425,0.563,0.012,1
489,0.418,0.568,0.014,1
490,0.558,0.424,0.019,0
491,0.434,0.554,0.012,1
492,0.374,0.612,0.014,1
493,0.542,0.446,0.012,0
494,0.606,0.383,0.011,0
495,0.492,0.364,0.144,0
496,0.272,0.363,0.365,2
497,0.402,0.584,0.014,1
498,0.56,0.399,0.041,0
499,0.38,0.585,0.035,1
500,0.526,0.445,0.029,0
501,0.464,0.467,0.069,1
502,0.442,0.548,0.01,1
503,0.588,0.363,0.049,0
504,0.404,0.394,0.202,0
505,0.473,0.496,0.032,1
506,0.447,0.533,0.02,1
507,0.535,0.44,0.025,0
508,0.39,0.589,0.021,1
509,0.412,0.567,0.021,1
510,0.37,0.616,0.014,1
511,0.464,0.487,0.049,1
512,0.456,0.529,0.015,1
513,0.472,0.499,0.029,1
514,0.517,0.414,0.069,0
515,0.522,0.428,0.05,0
516,0.372,0.612,0.016,1
517,0.505,0.433,0.062,0
518,0.491,0.498,0.011,1
519,0.535,0.364,0.1,0
520,0.415,0.556,0.029,1
521,0.399,0.587,0.014,1
522,0.276,0.714,0.01,1
523,0.403,0.577,0.02,1
524,0.527,0.451,0.022,0
525,0.555,0.389,0.056,0
526,0.466,0.516,0.018,1
527,0.285,0.701,0.014,1
528,0.474,0.442,0.084,0
529,0.57,0.417,0.013,0
530,0.539,0.446,0.015,0
531,0.499,0.484,0.017,0
532,0.665,0.307,0.028,0
533,0.499,0.48,0.021,0
534,0.417,0.567,0.017,1
535,0.478,0.455,0.067,0
536,0.486,0.503,0.011,1
537,0.474,0.434,0.091,0
538,0.504,0.468,0.028,0
539,0.431,0.47,0.1,1
540,0.421,0.519,0.06,1
541,0.449,0.529,0.022,1
542,0.561,0.422,0.017,0
543,0.688,0.243,0.069,0
544,0.574,0.408,0.018,0
545,0.538,0.45,0.012,0
546,0.519,0.42,0.061,0
547,0.391,0.596,0.012,1
548,0.553,0.436,0.012,0
549,0.462,0.52,0.019,1
550,0.285,0.64,0.075,1
551,0.318,0.616,0.065,1
552,0.447,0.45,0.103,1
553,0.529,0.446,0.026,0
554,0.621,0.353,0.026,0
555,0.501,0.431,0.068,0
556,0.449,0.511,0.04,1
557,0.267,0.525,0.207,1
558,0.452,0.534,0.014,1
559,0.477,0.508,0.016,1
560,0.419,0.548,0.033,1
561,0.493,0.49,0.017,0
562,0.509,0.407,0.084,0
563,0.365,0.569,0.066,1
564,0.361,0.537,0.101,1
565,0.385,0.6,0.014,1
566,0.434,0.536,0.03,1
567,0.524,0.466,0.01,0
568,0.579,0.384,0.036,0
569,0.669,0.318,0.013,0
570,0.592,0.368,0.04,0
571,0.506,0.429,0.065,0
572,0.477,0.51,0.013,1
573,0.399,0.547,0.054,1
574,0.506,0.471,0.023,0
575,0.545,0.426,0.029,0
576,0.628,0.353,0.019,0
577,0.439,0.551,0.01,1
578,0.356,0.618,0.025,1
579,0.469,0.404,0.127,0
580,0.501,0.487,0.013,0
581,0.634,0.268,0.097,0
582,0.339,0.618,0.043,1
583,0.517,0.463,0.02,0
584,0.586,0.405,0.01,0
585,0.46,0.527,0.012,1
586,0.442,0.547,0.011,1
587,0.431,0.455,0.114,1
588,0.446,0.465,0.089,1
589,0.484,0.503,0.014,1
590,0.589,0.392,0.02,0
591,0.507,0.476,0.016,0
592,0.5,0.489,0.011,0
593,0.52,0.457,0.023,0
594,0.392,0.533,0.075,1
595,0.509,0.477,0.013,0
596,0.341,0.642,0.016,1
597,0.475,0.486,0.04,1
598,0.487,0.491,0.022,1
599,0.392,0.568,0.041,1
600,0.182,0.795,0.023,1
601,0.627,0.223,0.15,0
602,0.641,0.339,0.019,0
603,0.498,0.49,0.012,0
604,0.593,0.392,0.015,0
605,0.297,0.686,0.017,1
606,0.446,0.541,0.013,1
607,0.489,0.494,0.018,1
608,0.363,0.587,0.049,1
609,0.406,0.572,0.022,1
610,0.465,0.522,0.014,1
611,0.441,0.542,0.017,1
612,0.413,0.567,0.02,1
613,0.574,0.407,0.018,0
614,0.466,0.492,0.042,1
615,0.419,0.565,0.016,1
616,0.408,0.541,0.051,1
617,0.539,0.451,0.01,0
618,0.393,0.593,0.015,1
619,0.512,0.471,0.017,0
620,0.571,0.418,0.012,0
621,0.41,0.577,0.014,1
622,0.373,0.618,0.009,1
623,0.33,0.658,0.012,1
624,0.539,0.448,0.012,0
625,0.431,0.55,0.019,1
626,0.437,0.547,0.016,1
627,0.31,0.632,0.058,1
628,0.458,0.518,0.024,1
629,0.392,0.463,0.145,1
630,0.456,0.519,0.025,1
631,0.665,0.31,0.025,0
632,0.544,0.44,0.016,0
633,0.487,0.465,0.048,0
634,0.527,0.458,0.015,0
635,0.544,0.442,0.014,0
636,0.368,0.486,0.146,1
637,0.339,0.567,0.094,1
638,0.532,0.449,0.019,0
639,0.295,0.672,0.033,1
640,0.334,0.653,0.014,1
641,0.473,0.508,0.02,1
642,0.473,0.511,0.015,1
643,0.389,0.59,0.021,1
644,0.447,0.51,0.043,1
645,0.394,0.584,0.022,1
646,0.448,0.54,0.012,1
647,0.573,0.406,0.021,0
648,0.412,0.548,0.039,1
649,0.581,0.399,0.02,0
650,0.301,0.671,0.028,1
651,0.496,0.48,0.023,0
652,0.324,0.38,0.295,1
653,0.502,0.479,0.019,0
654,0.509,0.477,0.013,0
655,0.404,0.582,0.014,1
656,0.404,0.584,0.012,1
657,0.502,0.478,0.02,0
658,0.459,0.505,0.036,1
659,0.513,0.358,0.129,0
660,0.366,0.574,0.06,1
661,0.489,0.482,0.029,0
662,0.552,0.436,0.011,0
663,0.434,0.536,0.03,1
664,0.529,0.434,0.037,0
665,0.441,0.524,0.035,1
666,0.551,0.433,0.016,0
667,0.432,0.552,0.017,1
668,0.402,0.535,0.063,1
669,0.224,0.479,0.297,1
670,0.351,0.562,0.087,1
671,0.451,0.534,0.015,1
672,0.364,0.621,0.015,1
673,0.498,0.486,0.016,0
674,0.444,0.541,0.015,1
675,0.439,0.542,0.019,1
676,0.409,0.528,0.063,1
677,0.515,0.464,0.021,0
678,0.315,0.665,0.021,1
679,0.497,0.491,0.012,0
680,0.603,0.385,0.012,0
681,0.486,0.417,0.096,0
682,0.372,0.614,0.014,1
683,0.49,0.171,0.34,0
684,0.458,0.528,0.014,1
685,0.506,0.42,0.074,0
686,0.41,0.575,0.014,1
687,0.438,0.552,0.01,1
688,0.422,0.562,0.016,1
689,0.494,0.49,0.016,0
690,0.539,0.444,0.018,0
691,0.352,0.636,0.012,1
692,0.362,0.616,0.022,1
693,0.397,0.536,0.067,1
694,0.647,0.33,0.023,0
695,0.508,0.462,0.03,0
696,0.33,0.637,0.033,1
697,0.479,0.493,0.028,1
698,0.496,0.483,0.021,0
699,0.327,0.659,0.014,1
700,0.616,0.368,0.015,0
701,0.465,0.447,0.088,0
702,0.58,0.401,0.019,0
703,0.556,0.338,0.105,0
704,0.642,0.268,0.091,0
705,0.33,0.461,0.208,1
706,0.428,0.55,0.023,1
707,0.404,0.581,0.015,1
708,0.444,0.449,0.107,1
709,0.349,0.638,0.012,1
710,0.466,0.513,0.02,1
711,0.562,0.427,0.012,0
712,0.219,0.773,0.008,1
713,0.579,0.411,0.01,0
714,0.489,0.501,0.01,1
715,0.453,0.509,0.038,1
716,0.501,0.478,0.021,0
717,0.482,0.499,0.019,1
718,0.551,0.436,0.013,0
719,0.315,0.676,0.009,1
720,0.629,0.357,0.014,0
721,0.62,0.341,0.039,0
722,0.26,0.681,0.059,1
723,0.429,0.434,0.136,1
724,0.544,0.44,0.016,0
725,0.597,0.382,0.022,0
726,0.478,0.51,0.012,1
727,0.465,0.519,0.016,1
728,0.711,0.242,0.047,0
729,0.562,0.418,0.02,0
730,0.575,0.368,0.056,0
731,0.472,0.439,0.089,0
732,0.558,0.411,0.032,0
733,0.344,0.587,0.069,1
734,0.445,0.534,0.021,1
735,0.423,0.432,0.144,1
736,0.466,0.509,0.024,1
737,0.505,0.482,0.013,0
738,0.445,0.531,0.024,1
739,0.445,0.49,0.065,1
740,0.435,0.546,0.02,1
741,0.399,0.592,0.009,1
742,0.449,0.538,0.013,1
743,0.462,0.525,0.013,1
744,0.393,0.588,0.019,1
745,0.373,0.597,0.03,1
746,0.487,0.502,0.011,1
747,0.59,0.399,0.011,0
748,0.555,0.418,0.027,0
749,0.429,0.49,0.081,1
750,0.34,0.645,0.015,1
751,0.423,0.565,0.012,1
752,0.439,0.545,0.016,1
753,0.521,0.469,0.01,0
754,0.473,0.496,0.031,1
755,0.434,0.555,0.011,1
756,0.296,0.684,0.02,1
757,0.585,0.374,0.042,0
758,0.463,0.525,0.012,1
759,0.458,0.487,0.055,1
760,0.483,0.506,0.011,1
761,0.454,0.529,0.017,1
762,0.43,0.492,0.078,1
763,0.383,0.566,0.05,1
764,0.427,0.555,0.018,1
765,0.647,0.333,0.02,0
766,0.421,0.478,0.101,1
767,0.347,0.586,0.066,1
768,0.397,0.583,0.02,1
769,0.385,0.596,0.019,1
770,0.399,0.521,0.08,1
771,0.484,0.505,0.011,1
772,0.533,0.445,0.022,0
773,0.461,0.463,0.076,1
774,0.444,0.539,0.017,1
775,0.452,0.529,0.018,1
776,0.492,0.487,0.021,0
777,0.427,0.488,0.086,1
778,0.479,0.508,0.013,1
779,0.57,0.307,0.122,0
780,0.661,0.328,0.01,0
781,0.447,0.524,0.03,1
782,0.46,0.458,0.082,0
783,0.381,0.61,0.009,1
784,0.425,0.552,0.022,1
785,0.446,0.523,0.031,1
786,0.429,0.155,0.416,0
787,0.554,0.419,0.028,0
788,0.366,0.623,0.011,1
789,0.425,0.526,0.05,1
790,0.394,0.594,0.012,1
791,0.513,0.471,0.016,0
792,0.511,0.309,0.18,0
793,0.464,0.473,0.063,1
794,0.478,0.506,0.016,1
795,0.54,0.42,0.04,0
796,0.472,0.515,0.014,1
797,0.463,0.522,0.015,1
798,0.427,0.561,0.012,1
799,0.471,0.431,0.098,0
800,0.366,0.489,0.145,1
801,0.475,0.512,0.013,1
802,0.518,0.409,0.072,0
803,0.53,0.437,0.032,0
804,0.459,0.517,0.023,1
805,0.426,0.435,0.139,1
806,0.533,0.453,0.014,0
807,0.394,0.593,0.013,1
808,0.34,0.633,0.027,1
809,0.475,0.501,0.024,1
810,0.508,0.48,0.012,0
811,0.637,0.338,0.025,0
812,0.599,0.382,0.019,0
813,0.559,0.405,0.035,0
814,0.352,0.623,0.025,1
815,0.468,0.487,0.044,1
816,0.424,0.564,0.012,1
817,0.643,0.271,0.086,0
818,0.503,0.456,0.041,0
819,0.409,0.575,0.016,1
820,0.509,0.473,0.018,0
821,0.471,0.489,0.04,1
822,0.412,0.565,0.023,1
823,0.57,0.403,0.027,0
824,0.395,0.513,0.091,1
825,0.465,0.481,0.054,1
826,0.508,0.48,0.012,0
827,0.394,0.597,0.009,1
828,0.696,0.288,0.016,0
829,0.57,0.412,0.018,0
830,0.443,0.534,0.022,1
831,0.467,0.433,0.1,0
832,0.332,0.33,0.339,2
833,0.469,0.509,0.022,1
834,0.773,0.219,0.008,0
835,0.388,0.602,0.01,1
836,0.483,0.415,0.102,0
837,0.514,0.471,0.015,0
838,0.521,0.468,0.011,0
839,0.422,0.485,0.093,1
840,0.574,0.407,0.019,0
841,0.495,0.436,0.069,0
842,0.447,0.54,0.013,1
843,0.427,0.554,0.019,1
844,0.472,0.498,0.029,1
845,0.548,0.432,0.019,0
846,0.492,0.481,0.027,0
847,0.444,0.541,0.015,1
848,0.454,0.537,0.009,1
849,0.541,0.435,0.024,0
850,0.336,0.644,0.02,1
851,0.501,0.459,0.04,0
852,0.55,0.386,0.064,0
853,0.552,0.42,0.029,0
854,0.474,0.456,0.071,0
855,0.375,0.61,0.015,1
856,0.42,0.556,0.024,1
857,0.358,0.604,0.038,1
858,0.349,0.605,0.046,1
859,0.379,0.466,0.155,1
860,0.485,0.491,0.024,1
861,0.478,0.497,0.025,1
862,0.579,0.411,0.01,0
863,0.347,0.637,0.016,1
864,0.595,0.392,0.013,0
865,0.327,0.662,0.011,1
866,0.443,0.523,0.034,1
867,0.527,0.389,0.084,0
868,0.527,0.456,0.017,0
869,0.471,0.512,0.017,1
870,0.482,0.479,0.038,0
871,0.526,0.372,0.102,0
872,0.467,0.518,0.015,1
873,0.553,0.435,0.012,0
874,0.429,0.519,0.052,1
875,0.633,0.335,0.032,0
876,0.618,0.365,0.017,0
877,0.287,0.699,0.013,1
878,0.571,0.419,0.01,0
879,0.449,0.525,0.026,1
880,0.378,0.609,0.013,1
881,0.379,0.571,0.051,1
882,0.694,0.278,0.027,0
883,0.327,0.652,0.021,1
884,0.345,0.641,0.014,1
885,0.586,0.392,0.022,0
886,0.512,0.477,0.012,0
887,0.448,0.529,0.022,1
888,0.535,0.444,0.021,0
889,0.541,0.437,0.023,0
890,0.62,0.359,0.021,0
891,0.585,0.402,0.012,0
892,0.379,0.555,0.066,1
893,0.509,0.398,0.093,0
894,0.472,0.515,0.013,1
895,0.457,0.513,0.031,1
896,0.386,0.601,0.012,1
897,0.307,0.679,0.014,1
898,0.333,0.482,0.185,1
899,0.446,0.535,0.019,1
900,0.519,0.44,0.041,0
901,0.468,0.513,0.019,1
902,0.579,0.38,0.041,0
903,0.381,0.607,0.012,1
904,0.486,0.435,0.079,0
905,0.429,0.552,0.019,1
906,0.395,0.57,0.035,1
907,0.452,0.412,0.136,0
908,0.47,0.36,0.17,0
909,0.364,0.517,0.119,1
910,0.485,0.301,0.214,0
911,0.509,0.444,0.048,0
912,0.119,0.877,0.004,1
913,0.138,0.857,0.005,1
914,0.444,0.514,0.043,1
915,0.458,0.527,0.015,1
916,0.374,0.591,0.034,1
917,0.541,0.425,0.034,0
918,0.39,0.576,0.033,1
919,0.38,0.604,0.016,1
920,0.414,0.479,0.107,1
921,0.372,0.603,0.025,1
922,0.31,0.674,0.016,1
923,0.485,0.502,0.013,1
924,0.532,0.454,0.014,0
925,0.392,0.595,0.013,1
926,0.562,0.419,0.019,0
927,0.491,0.408,0.1,0
928,0.588,0.388,0.024,0
929,0.404,0.578,0.018,1
930,0.528,0.458,0.014,0
931,0.657,0.331,0.011,0
932,0.308,0.624,0.068,1
933,0.531,0.314,0.155,0
934,0.479,0.449,0.072,0
935,0.416,0.573,0.011,1
936,0.45,0.489,0.061,1
937,0.398,0.59,0.012,1
938,0.455,0.528,0.018,1
939,0.384,0.606,0.01,1
940,0.081,0.915,0.004,1
941,0.415,0.559,0.025,1
942,0.412,0.417,0.172,1
943,0.683,0.228,0.09,0
944,0.381,0.607,0.012,1
945,0.425,0.558,0.017,1
946,0.501,0.473,0.026,0
947,0.43,0.553,0.017,1
948,0.45,0.476,0.074,1
949,0.393,0.585,0.022,1
950,0.404,0.573,0.022,1
951,0.549,0.44,0.011,0
952,0.418,0.532,0.05,1
953,0.537,0.417,0.047,0
954,0.556,0.387,0.057,0
955,0.516,0.404,0.081,0
956,0.352,0.59,0.058,1
957,0.596,0.294,0.11,0
958,0.479,0.502,0.019,1
959,0.477,0.509,0.014,1
960,0.562,0.427,0.01,0
961,0.523,0.465,0.013,0
962,0.491,0.485,0.024,0
963,0.479,0.501,0.02,1
964,0.691,0.238,0.071,0
965,0.316,0.675,0.008,1
966,0.357,0.628,0.015,1
967,0.527,0.448,0.025,0
968,0.534,0.45,0.015,0
969,0.517,0.47,0.013,0
970,0.56,0.418,0.022,0
971,0.407,0.571,0.022,1
972,0.431,0.535,0.034,1
973,0.485,0.486,0.028,1
974,0.541,0.447,0.012,0
975,0.329,0.656,0.015,1
976,0.424,0.556,0.02,1
977,0.396,0.595,0.01,1
978,0.339,0.606,0.055,1
979,0.23,0.763,0.007,1
980,0.617,0.359,0.024,0
981,0.484,0.473,0.043,0
982,0.54,0.448,0.011,0
983,0.505,0.482,0.013,0
984,0.313,0.67,0.018,1
985,0.352,0.585,0.063,1
986,0.282,0.699,0.018,1
987,0.346,0.642,0.012,1
988,0.416,0.513,0.071,1
989,0.525,0.463,0.011,0
990,0.396,0.592,0.012,1
991,0.519,0.449,0.032,0
992,0.49,0.494,0.016,1
993,0.492,0.477,0.031,0
994,0.396,0.59,0.014,1
995,0.379,0.397,0.223,1
996,0.489,0.491,0.021,1
997,0.443,0.536,0.021,1
998,0.494,0.484,0.022,0
999,0.529,0.456,0.015,0
1000,0.553,0.369,0.077,0
1001,0.559,0.432,0.008,0
1002,0.585,0.404,0.011,0
1003,0.426,0.561,0.014,1
1004,0.398,0.544,0.058,1
1005,0.602,0.386,0.011,0
1006,0.452,0.533,0.015,1
1007,0.477,0.4,0.123,0
1008,0.6,0.364,0.036,0
1009,0.52,0.467,0.014,0
1010,0.51,0.47,0.02,0
1011,0.713,0.22,0.067,0
1012,0.484,0.501,0.015,1
1013,0.482,0.504,0.015,1
1014,0.425,0.558,0.016,1
1015,0.434,0.512,0.054,1
1016,0.486,0.484,0.029,0
1017,0.61,0.326,0.064,0
1018,0.41,0.496,0.094,1
1019,0.427,0.558,0.014,1
1020,0.12,0.876,0.004,1
1021,0.536,0.449,0.015,0
1022,0.516,0.469,0.015,0
1023,0.407,0.578,0.015,1
1024,0.446,0.534,0.02,1
1025,0.826,0.162,0.013,0
1026,0.52,0.402,0.078,0
1027,0.395,0.513,0.092,1
1028,0.415,0.569,0.016,1
1029,0.543,0.381,0.076,0
1030,0.196,0.638,0.165,1
1031,0.468,0.511,0.021,1
1032,0.514,0.464,0.022,0
1033,0.511,0.428,0.06,0
1034,0.404,0.576,0.02,1
1035,0.557,0.409,0.034,0
1036,0.465,0.514,0.021,1
1037,0.474,0.498,0.028,1
1038,0.424,0.553,0.023,1
1039,0.549,0.423,0.028,0
1040,0.286,0.692,0.021,1
1041,0.339,0.637,0.024,1
1042,0.288,0.69,0.022,1
1043,0.438,0.361,0.201,0
1044,0.428,0.56,0.012,1
1045,0.559,0.427,0.014,0
1046,0.414,0.572,0.014,1
1047,0.32,0.596,0.084,1
1048,0.464,0.516,0.02,1
1049,0.458,0.494,0.048,1
1050,0.333,0.29,0.377,2
1051,0.512,0.475,0.013,0
1052,0.615,0.371,0.014,0
1053,0.503,0.485,0.012,0
1054,0.546,0.413,0.041,0
1055,0.522,0.426,0.052,0
1056,0.517,0.463,0.02,0
1057,0.326,0.661,0.013,1
1058,0.515,0.464,0.021,0
1059,0.346,0.631,0.022,1
1060,0.434,0.466,0.1,1
1061,0.467,0.517,0.016,1
1062,0.533,0.325,0.142,0
1063,0.273,0.711,0.016,1
1064,0.441,0.495,0.064,1
1065,0.624,0.365,0.011,0
1066,0.383,0.604,0.013,1
1067,0.588,0.402,0.01,0
1068,0.578,0.403,0.019,0
1069,0.567,0.414,0.019,0
1070,0.446,0.436,0.118,0
1071,0.436,0.543,0.021,1
1072,0.452,0.513,0.036,1
1073,0.42,0.541,0.039,1
1074,0.385,0.599,0.016,1
1075,0.386,0.605,0.009,1
1076,0.499,0.484,0.017,0
1077,0.579,0.409,0.013,0
1078,0.506,0.478,0.015,0
1079,0.519,0.46,0.021,0
1080,0.428,0.553,0.019,1
1081,0.577,0.287,0.136,0
1082,0.469,0.491,0.04,1
1083,0.579,0.411,0.01,0
1084,0.372,0.599,0.03,1
1085,0.506,0.465,0.028,0
1086,0.457,0.317,0.226,0
1087,0.439,0.437,0.124,0
1088,0.412,0.572,0.016,1
1089,0.591,0.395,0.014,0
1090,0.425,0.478,0.097,1
1091,0.598,0.318,0.084,0
1092,0.498,0.46,0.042,0
1093,0.439,0.489,0.072,1
1094,0.416,0.569,0.016,1
1095,0.604,0.383,0.013,0
1096,0.377,0.613,0.01,1
1097,0.433,0.534,0.033,1
1098,0.469,0.516,0.015,1
1099,0.3,0.604,0.096,1
1100,0.29,0.691,0.019,1
1101,0.577,0.367,0.056,0
1102,0.554,0.428,0.018,0
1103,0.527,0.445,0.028,0
1104,0.54,0.448,0.011,0
1105,0.587,0.403,0.01,0
1106,0.536,0.447,0.017,0
1107,0.33,0.646,0.023,1
1108,0.491,0.496,0.013,1
1109,0.442,0.548,0.01,1
1110,0.436,0.551,0.013,1
1111,0.527,0.42,0.053,0
1112,0.619,0.366,0.015,0
1113,0.569,0.369,0.062,0
1114,0.591,0.377,0.032,0
1115,0.42,0.566,0.014,1
1116,0.483,0.499,0.017,1
1117,0.522,0.459,0.019,0
1118,0.383,0.539,0.078,1
1119,0.485,0.504,0.011,1
1120,0.391,0.592,0.017,1
1121,0.499,0.468,0.033,0
1122,0.343,0.639,0.018,1
1123,0.406,0.581,0.012,1
1124,0.451,0.507,0.042,1
1125,0.587,0.381,0.032,0
1126,0.514,0.403,0.083,0
1127,0.436,0.545,0.019,1
1128,0.432,0.54,0.028,1
1129,0.505,0.482,0.013,0
1130,0.538,0.378,0.083,0
1131,0.305,0.615,0.08,1
1132,0.5,0.488,0.012,0
1133,0.368,0.619,0.014,1
1134,0.319,0.653,0.027,1
1135,0.389,0.407,0.204,1
1136,0.42,0.563,0.017,1
1137,0.401,0.517,0.082,1
1138,0.598,0.381,0.021,0
1139,0.475,0.5,0.025,1
1140,0.559,0.421,0.02,0
1141,0.664,0.318,0.018,0
1142,0.316,0.591,0.093,1
1143,0.555,0.435,0.01,0
1144,0.589,0.393,0.018,0
1145,0.549,0.439,0.012,0
1146,0.38,0.608,0.012,1
1147,0.468,0.465,0.067,0
1148,0.562,0.426,0.012,0
1149,0.517,0.359,0.125,0
1150,0.419,0.546,0.034,1
1151,0.326,0.656,0.019,1
1152,0.44,0.497,0.064,1
1153,0.419,0.547,0.034,1
1154,0.452,0.487,0.061,1
1155,0.404,0.572,0.024,1
1156,0.425,0.556,0.02,1
1157,0.511,0.429,0.06,0
1158,0.566,0.351,0.083,0
1159,0.38,0.595,0.024,1
1160,0.481,0.427,0.092,0
1161,0.534,0.449,0.017,0
1162,0.446,0.468,0.086,1
1163,0.457,0.508,0.035,1
1164,0.565,0.37,0.065,0
1165,0.482,0.476,0.042,0
1166,0.76,0.222,0.018,0
1167,0.226,0.768,0.005,1
1168,0.506,0.47,0.023,0
1169,0.47,0.512,0.017,1
1170,0.585,0.342,0.073,0
1171,0.483,0.448,0.069,0
1172,0.415,0.543,0.042,1
1173,0.589,0.343,0.068,0
1174,0.345,0.477,0.179,1
1175,0.587,0.404,0.009,0
1176,0.587,0.401,0.012,0
1177,0.475,0.508,0.016,1
1178,0.508,0.448,0.045,0
1179,0.621,0.364,0.015,0
1180,0.514,0.442,0.043,0
1181,0.419,0.484,0.097,1
1182,0.637,0.353,0.011,0
1183,0.542,0.443,0.015,0
1184,0.392,0.592,0.016,1
1185,0.475,0.508,0.017,1
1186,0.494,0.479,0.027,0
1187,0.34,0.639,0.021,1
1188,0.399,0.534,0.066,1
1189,0.414,0.568,0.019,1
1190,0.385,0.597,0.018,1
1191,0.483,0.495,0.022,1
1192,0.419,0.571,0.01,1
1193,0.422,0.56,0.018,1
1194,0.353,0.634,0.013,1
1195,0.658,0.294,0.048,0
1196,0.577,0.403,0.021,0
1197,0.361,0.614,0.025,1
1198,0.479,0.497,0.024,1
1199,0.546,0.439,0.015,0
1200,0.541,0.304,0.155,0
1201,0.433,0.479,0.088,1
1202,0.399,0.538,0.063,1
1203,0.438,0.477,0.085,1
1204,0.571,0.416,0.013,0
1205,0.526,0.445,0.029,0
1206,0.413,0.572,0.016,1
1207,0.555,0.421,0.024,0
1208,0.484,0.503,0.013,1
1209,0.419,0.567,0.015,1
1210,0.43,0.556,0.014,1
1211,0.441,0.548,0.011,1
1212,0.473,0.453,0.075,0
1213,0.399,0.582,0.019,1
1214,0.597,0.353,0.05,0
1215,0.233,0.762,0.005,1
1216,0.27,0.434,0.296,1
1217,0.542,0.44,0.019,0
1218,0.435,0.543,0.023,1
1219,0.358,0.625,0.017,1
1220,0.466,0.519,0.015,1
1221,0.475,0.515,0.01,1
1222,0.45,0.533,0.017,1
1223,0.317,0.673,0.01,1
1224,0.507,0.48,0.013,0
1225,0.468,0.479,0.052,1
1226,0.486,0.496,0.018,1
1227,0.486,0.441,0.073,0
1228,0.434,0.552,0.015,1
1229,0.478,0.446,0.076,0
1230,0.452,0.522,0.026,1
1231,0.517,0.459,0.025,0
1232,0.542,0.439,0.018,0
1233,0.457,0.525,0.018,1
1234,0.328,0.657,0.015,1
1235,0.429,0.556,0.015,1
1236,0.435,0.54,0.025,1
1237,0.475,0.404,0.121,0
1238,0.483,0.378,0.139,0
1239,0.5,0.484,0.017,0
1240,0.564,0.406,0.029,0
1241,0.424,0.56,0.016,1
1242,0.481,0.507,0.012,1
1243,0.451,0.513,0.036,1
1244,0.512,0.46,0.028,0
1245,0.508,0.335,0.158,0
1246,0.405,0.575,0.02,1
1247,0.382,0.605,0.013,1
1248,0.497,0.471,0.031,0
1249,0.499,0.486,0.014,0
1250,0.347,0.581,0.072,1
1251,0.412,0.567,0.021,1
1252,0.581,0.386,0.033,0
1253,0.541,0.449,0.009,0
1254,0.35,0.623,0.027,1
1255,0.373,0.599,0.028,1
1256,0.431,0.556,0.012,1
1257,0.407,0.571,0.022,1
1258,0.5,0.488,0.012,0
1259,0.442,0.532,0.026,1
1260,0.484,0.496,0.021,1
1261,0.531,0.453,0.016,0
1262,0.634,0.35,0.016,0
1263,0.384,0.597,0.018,1
1264,0.272,0.714,0.013,1
1265,0.487,0.488,0.024,1
1266,0.478,0.509,0.013,1
1267,0.561,0.36,0.08,0
1268,0.501,0.341,0.157,0
1269,0.586,0.332,0.082,0
1270,0.493,0.486,0.021,0
1271,0.388,0.597,0.015,1
1272,0.41,0.571,0.019,1
1273,0.581,0.402,0.018,0
1274,0.477,0.398,0.125,0
1275,0.427,0.562,0.011,1
1276,0.425,0.551,0.024,1
1277,0.365,0.62,0.015,1
1278,0.336,0.632,0.033,1
1279,0.506,0.422,0.072,0
1280,0.334,0.59,0.076,1
1281,0.407,0.578,0.016,1
1282,0.496,0.476,0.028,0
1283,0.462,0.518,0.02,1
1284,0.481,0.509,0.01,1
1285,0.565,0.13,0.305,0
1286,0.377,0.396,0.227,1
1287,0.355,0.611,0.035,1
1288,0.414,0.564,0.021,1
1289,0.562,0.414,0.024,0
1290,0.474,0.516,0.01,1
1291,0.731,0.261,0.008,0
1292,0.584,0.4,0.016,0
1293,0.505,0.48,0.015,0
1294,0.437,0.552,0.012,1
1295,0.597,0.389,0.015,0
1296,0.58,0.357,0.063,0
1297,0.387,0.538,0.075,1
1298,0.351,0.431,0.218,1
1299,0.533,0.453,0.014,0
1300,0.382,0.605,0.014,1
1301,0.563,0.424,0.013,0
1302,0.418,0.572,0.011,1
1303,0.456,0.526,0.018,1
1304,0.36,0.617,0.024,1
1305,0.32,0.65,0.029,1
1306,0.488,0.494,0.018,1
1307,0.382,0.589,0.029,1
1308,0.358,0.616,0.027,1
1309,0.585,0.399,0.016,0
1310,0.442,0.545,0.012,1
1311,0.518,0.465,0.016,0
1312,0.576,0.407,0.016,0
1313,0.532,0.449,0.019,0
1314,0.499,0.489,0.012,0
1315,0.351,0.637,0.012,1
1316,0.474,0.502,0.024,1
1317,0.451,0.534,0.015,1
1318,0.476,0.513,0.012,1
1319,0.588,0.358,0.054,0
1320,0.541,0.435,0.025,0
1321,0.251,0.586,0.163,1
1322,0.335,0.647,0.018,1
1323,0.587,0.384,0.029,0
1324,0.588,0.394,0.018,0
1325,0.425,0.559,0.016,1
1326,0.132,0.868,0.001,1
1327,0.251,0.746,0.003,1
1328,0.516,0.465,0.019,0
1329,0.664,0.319,0.016,0
1330,0.485,0.47,0.044,0
1331,0.619,0.369,0.012,0
1332,0.424,0.564,0.013,1
1333,0.571,0.24,0.189,0
1334,0.373,0.608,0.019,1
1335,0.484,0.501,0.015,1
1336,0.459,0.526,0.015,1
1337,0.443,0.489,0.069,1
1338,0.517,0.469,0.014,0
1339,0.659,0.294,0.047,0
1340,0.646,0.341,0.013,0
1341,0.615,0.363,0.022,0
1342,0.525,0.463,0.012,0
1343,0.63,0.355,0.015,0
1344,0.453,0.477,0.07,1
1345,0.194,0.801,0.005,1
1346,0.521,0.464,0.014,0
1347,0.424,0.486,0.09,1
1348,0.601,0.384,0.015,0
1349,0.467,0.515,0.018,1
1350,0.466,0.513,0.021,1
1351,0.372,0.616,0.012,1
1352,0.369,0.622,0.009,1
1353,0.422,0.566,0.012,1
1354,0.564,0.413,0.023,0
1355,0.399,0.592,0.009,1
1356,0.504,0.478,0.017,0
1357,0.521,0.468,0.011,0
1358,0.398,0.582,0.02,1
1359,0.456,0.449,0.095,0
1360,0.447,0.532,0.021,1
1361,0.167,0.502,0.331,1
1362,0.54,0.445,0.015,0
1363,0.526,0.395,0.079,0
1364,0.513,0.471,0.016,0
1365,0.468,0.517,0.015,1
1366,0.589,0.4,0.011,0
1367,0.374,0.609,0.017,1
1368,0.573,0.392,0.035,0
1369,0.386,0.603,0.011,1
1370,0.472,0.495,0.033,1
1371,0.29,0.673,0.037,1
1372,0.43,0.544,0.025,1
1373,0.39,0.601,0.009,1
1374,0.439,0.484,0.077,1
1375,0.422,0.502,0.076,1
1376,0.506,0.473,0.022,0
1377,0.547,0.438,0.015,0
1378,0.456,0.478,0.066,1
1379,0.446,0.356,0.198,0
1380,0.387,0.593,0.02,1
1381,0.41,0.575,0.015,1
1382,0.565,0.419,0.016,0
1383,0.501,0.486,0.012,0
1384,0.637,0.351,0.012,0
1385,0.472,0.422,0.107,0
1386,0.443,0.539,0.018,1
1387,0.409,0.581,0.01,1
1388,0.5,0.49,0.01,0
1389,0.577,0.31,0.113,0
1390,0.415,0.541,0.044,1
1391,0.564,0.387,0.049,0
1392,0.57,0.408,0.022,0
1393,0.44,0.511,0.049,1
1394,0.421,0.45,0.129,1
1395,0.536,0.411,0.054,0
1396,0.518,0.465,0.017,0
1397,0.415,0.481,0.104,1
1398,0.421,0.564,0.015,1
1399,0.443,0.53,0.027,1
1400,0.453,0.513,0.034,1
1401,0.55,0.44,0.01,0
1402,0.581,0.317,0.103,0
1403,0.436,0.495,0.069,1
1404,0.538,0.395,0.067,0
1405,0.332,0.574,0.094,1
1406,0.429,0.532,0.039,1
1407,0.552,0.435,0.013,0
1408,0.636,0.347,0.018,0
1409,0.427,0.542,0.031,1
1410,0.502,0.379,0.119,0
1411,0.411,0.345,0.244,0
1412,0.586,0.383,0.031,0
1413,0.649,0.325,0.025,0
1414,0.515,0.47,0.015,0
1415,0.306,0.64,0.054,1
1416,0.574,0.412,0.014,0
1417,0.5,0.442,0.059,0
1418,0.412,0.576,0.012,1
1419,0.385,0.503,0.112,1
1420,0.447,0.47,0.083,1
1421,0.663,0.316,0.02,0
1422,0.518,0.47,0.012,0
1423,0.474,0.489,0.037,1
1424,0.452,0.454,0.094,1
1425,0.535,0.452,0.013,0
1426,0.462,0.511,0.027,1
1427,0.554,0.426,0.019,0
1428,0.499,0.487,0.014,0
1429,0.545,0.432,0.022,0
1430,0.436,0.552,0.013,1
1431,0.619,0.37,0.01,0
1432,0.585,0.401,0.014,0
1433,0.835,0.152,0.012,0
1434,0.454,0.534,0.012,1
1435,0.47,0.514,0.015,1
1436,0.393,0.586,0.021,1
1437,0.351,0.584,0.065,1
1438,0.552,0.434,0.014,0
1439,0.549,0.438,0.013,0
1440,0.367,0.364,0.269,0
1441,0.423,0.484,0.094,1
1442,0.616,0.353,0.03,0
1443,0.401,0.571,0.028,1
1444,0.521,0.467,0.012,0
1445,0.61,0.369,0.021,0
1446,0.458,0.467,0.075,1
1447,0.399,0.583,0.018,1
1448,0.511,0.477,0.012,0
1449,0.518,0.42,0.062,0
1450,0.497,0.487,0.016,0
1451,0.421,0.549,0.03,1
1452,0.54,0.45,0.01,0
1453,0.508,0.417,0.075,0
1454,0.49,0.486,0.024,0
1455,0.278,0.69,0.032,1
1456,0.485,0.495,0.02,1
1457,0.48,0.482,0.038,1
1458,0.455,0.524,0.021,1
1459,0.344,0.64,0.016,1
1460,0.456,0.528,0.015,1
1461,0.387,0.577,0.036,1
1462,0.408,0.576,0.016,1
1463,0.405,0.576,0.019,1
1464,0.391,0.579,0.03,1
1465,0.575,0.371,0.053,0
1466,0.423,0.513,0.065,1
1467,0.477,0.504,0.019,1
1468,0.489,0.487,0.024,0
1469,0.484,0.504,0.013,1
1470,0.412,0.573,0.016,1
1471,0.529,0.454,0.017,0
1472,0.263,0.724,0.013,1
1473,0.581,0.392,0.027,0
1474,0.352,0.548,0.1,1
1475,0.455,0.527,0.018,1
1476,0.397,0.583,0.021,1
1477,0.43,0.557,0.013,1
1478,0.503,0.472,0.025,0
1479,0.504,0.482,0.014,0
1480,0.386,0.45,0.164,1
1481,0.451,0.454,0.095,1
1482,0.41,0.557,0.033,1
1483,0.491,0.412,0.097,0
1484,0.483,0.466,0.051,0
1485,0.549,0.433,0.018,0
1486,0.481,0.446,0.073,0
1487,0.631,0.358,0.011,0
1488,0.391,0.595,0.014,1
1489,0.398,0.585,0.017,1
1490,0.344,0.467,0.189,1
1491,0.492,0.486,0.022,0
1492,0.379,0.605,0.016,1
1493,0.456,0.507,0.037,1
1494,0.345,0.637,0.018,1
1495,0.474,0.348,0.178,0
1496,0.395,0.586,0.019,1
1497,0.579,0.4,0.02,0
1498,0.604,0.375,0.02,0
1499,0.503,0.461,0.036,0
1500,0.414,0.509,0.078,1
1501,0.604,0.355,0.041,0
1502,0.527,0.224,0.249,0
1503,0.329,0.604,0.066,1
1504,0.321,0.474,0.205,1
1505,0.464,0.463,0.074,0
1506,0.504,0.433,0.063,0
1507,0.458,0.471,0.071,1
1508,0.486,0.464,0.05,0
1509,0.73,0.238,0.032,0
1510,0.515,0.457,0.028,0
1511,0.615,0.358,0.027,0
1512,0.302,0.687,0.011,1
1513,0.561,0.412,0.027,0
1514,0.56,0.429,0.011,0
1515,0.354,0.597,0.049,1
1516,0.403,0.523,0.074,1
1517,0.385,0.521,0.093,1
1518,0.443,0.543,0.014,1
1519,0.468,0.51,0.023,1
1520,0.373,0.611,0.015,1
1521,0.556,0.423,0.02,0
1522,0.566,0.399,0.035,0
1523,0.368,0.611,0.021,1
1524,0.423,0.547,0.03,1
1525,0.45,0.536,0.014,1
1526,0.417,0.56,0.022,1
1527,0.473,0.505,0.022,1
1528,0.431,0.554,0.015,1
1529,0.43,0.557,0.013,1
1530,0.302,0.676,0.022,1
1531,0.506,0.477,0.017,0
1532,0.352,0.618,0.031,1
1533,0.45,0.518,0.032,1
1534,0.419,0.521,0.06,1
1535,0.343,0.631,0.027,1
1536,0.354,0.623,0.022,1
1537,0.704,0.242,0.055,0
1538,0.655,0.298,0.047,0
1539,0.434,0.552,0.014,1
1540,0.231,0.758,0.011,1
1541,0.361,0.609,0.03,1
1542,0.349,0.639,0.012,1
1543,0.476,0.453,0.071,0
1544,0.434,0.392,0.174,0
1545,0.28,0.7,0.02,1
1546,0.409,0.563,0.028,1
1547,0.482,0.508,0.01,1
1548,0.467,0.511,0.021,1
1549,0.58,0.373,0.047,0
1550,0.597,0.381,0.022,0
1551,0.527,0.404,0.069,0
1552,0.611,0.371,0.019,0
1553,0.339,0.645,0.016,1
1554,0.549,0.357,0.094,0
1555,0.425,0.557,0.017,1
1556,0.633,0.351,0.017,0
1557,0.481,0.487,0.032,1
1558,0.593,0.395,0.012,0
1559,0.403,0.485,0.112,1
1560,0.453,0.533,0.015,1
1561,0.577,0.405,0.018,0
1562,0.466,0.521,0.013,1
1563,0.41,0.571,0.019,1
1564,0.32,0.66,0.019,1
1565,0.497,0.472,0.031,0
1566,0.334,0.634,0.031,1
1567,0.444,0.539,0.018,1
1568,0.378,0.552,0.07,1
1569,0.339,0.644,0.017,1
1570,0.501,0.423,0.076,0
1571,0.583,0.384,0.033,0
1572,0.365,0.623,0.012,1
1573,0.453,0.515,0.032,1
1574,0.34,0.583,0.078,1
1575,0.537,0.439,0.024,0
1576,0.532,0.456,0.012,0
1577,0.38,0.606,0.014,1
1578,0.489,0.448,0.063,0
1579,0.437,0.546,0.017,1
1580,0.296,0.685,0.019,1
1581,0.392,0.54,0.068,1
1582,0.485,0.395,0.12,0
1583,0.579,0.397,0.024,0
1584,0.624,0.274,0.101,0
1585,0.432,0.556,0.011,1
1586,0.491,0.487,0.022,0
1587,0.37,0.609,0.021,1
1588,0.542,0.442,0.016,0
1589,0.565,0.406,0.029,0
1590,0.52,0.462,0.019,0
1591,0.377,0.527,0.097,1
1592,0.582,0.408,0.01,0
1593,0.501,0.484,0.014,0
1594,0.481,0.501,0.018,1
1595,0.284,0.701,0.014,1
1596,0.372,0.613,0.015,1
1597,0.573,0.389,0.038,0
1598,0.447,0.538,0.015,1
1599,0.367,0.56,0.073,1
1600,0.516,0.457,0.027,0
1601,0.343,0.632,0.025,1
1602,0.315,0.549,0.136,1
1603,0.442,0.452,0.106,1
1604,0.463,0.486,0.051,1
1605,0.406,0.521,0.073,1
1606,0.631,0.344,0.025,0
1607,0.442,0.411,0.147,0
1608,0.489,0.499,0.012,1
1609,0.37,0.617,0.013,1
1610,0.425,0.563,0.012,1
1611,0.539,0.443,0.018,0
1612,0.309,0.615,0.077,1
1613,0.343,0.642,0.015,1
1614,0.388,0.49,0.122,1
1615,0.572,0.409,0.019,0
1616,0.483,0.505,0.011,1
1617,0.595,0.384,0.022,0
1618,0.392,0.591,0.017,1
1619,0.315,0.674,0.011,1
1620,0.445,0.521,0.035,1
1621,0.418,0.568,0.015,1
1622,0.612,0.273,0.115,0
1623,0.733,0.235,0.032,0
1624,0.432,0.557,0.012,1
1625,0.433,0.45,0.117,1
1626,0.429,0.558,0.013,1
1627,0.498,0.474,0.028,0
1628,0.564,0.425,0.012,0
1629,0.606,0.375,0.019,0
1630,0.402,0.58,0.018,1
1631,0.785,0.175,0.039,0
1632,0.346,0.634,0.021,1
1633,0.605,0.374,0.02,0
1634,0.388,0.578,0.035,1
1635,0.457,0.513,0.031,1
1636,0.579,0.394,0.027,0
1637,0.397,0.591,0.011,1
1638,0.504,0.396,0.1,0
1639,0.468,0.514,0.018,1
1640,0.536,0.444,0.021,0
1641,0.401,0.584,0.015,1
1642,0.365,0.439,0.197,1
1643,0.406,0.58,0.015,1
1644,0.445,0.373,0.182,0
1645,0.555,0.43,0.015,0
1646,0.531,0.389,0.08,0
1647,0.571,0.397,0.032,0
1648,0.33,0.581,0.09,1
1649,0.49,0.499,0.011,1
1650,0.398,0.582,0.02,1
1651,0.364,0.628,0.008,1
1652,0.457,0.521,0.022,1
1653,0.537,0.394,0.069,0
1654,0.456,0.413,0.131,0
1655,0.459,0.449,0.092,0
1656,0.489,0.497,0.014,1
1657,0.519,0.47,0.011,0
1658,0.526,0.465,0.009,0
1659,0.749,0.234,0.017,0
1660,0.528,0.445,0.027,0
1661,0.514,0.472,0.014,0
1662,0.625,0.357,0.018,0
1663,0.517,0.452,0.031,0
1664,0.408,0.562,0.03,1
1665,0.505,0.477,0.018,0
1666,0.417,0.57,0.013,1
1667,0.545,0.425,0.03,0
1668,0.547,0.388,0.065,0
1669,0.587,0.329,0.084,0
1670,0.524,0.359,0.116,0
1671,0.365,0.623,0.012,1
1672,0.533,0.442,0.025,0
1673,0.378,0.605,0.017,1
1674,0.435,0.544,0.022,1
1675,0.586,0.385,0.03,0
1676,0.561,0.421,0.019,0
1677,0.427,0.555,0.018,1
1678,0.448,0.521,0.031,1
1679,0.382,0.527,0.091,1
1680,0.409,0.582,0.009,1
1681,0.536,0.451,0.013,0
1682,0.481,0.444,0.075,0
1683,0.453,0.535,0.013,1
1684,0.476,0.512,0.012,1
1685,0.268,0.539,0.193,1
1686,0.643,0.339,0.018,0
1687,0.339,0.645,0.016,1
1688,0.439,0.493,0.068,1
1689,0.449,0.481,0.07,1
1690,0.485,0.463,0.052,0
1691,0.64,0.346,0.015,0
1692,0.413,0.575,0.012,1
1693,0.503,0.486,0.011,0
1694,0.565,0.417,0.018,0
1695,0.587,0.395,0.018,0
1696,0.4,0.582,0.018,1
1697,0.465,0.51,0.025,1
1698,0.401,0.577,0.021,1
1699,0.401,0.3,0.299,0
1700,0.595,0.395,0.01,0
1701,0.509,0.432,0.059,0
1702,0.393,0.44,0.167,1
1703,0.401,0.586,0.013,1
1704,0.501,0.48,0.019,0
1705,0.472,0.51,0.018,1
1706,0.374,0.612,0.014,1
1707,0.545,0.433,0.022,0
1708,0.476,0.478,0.047,1
1709,0.542,0.434,0.023,0
1710,0.537,0.416,0.047,0
1711,0.471,0.512,0.017,1
1712,0.438,0.485,0.077,1
1713,0.54,0.446,0.014,0
1714,0.339,0.649,0.013,1
1715,0.575,0.412,0.014,0
1716,0.548,0.441,0.011,0
1717,0.413,0.554,0.034,1
1718,0.395,0.583,0.022,1
1719,0.458,0.52,0.022,1
1720,0.438,0.548,0.014,1
1721,0.505,0.333,0.163,0
1722,0.503,0.432,0.065,0
1723,0.498,0.486,0.016,0
1724,0.395,0.484,0.121,1
1725,0.281,0.713,0.006,1
1726,0.638,0.331,0.03,0
1727,0.384,0.459,0.156,1
1728,0.411,0.563,0.026,1
1729,0.368,0.618,0.013,1
1730,0.763,0.226,0.011,0
1731,0.514,0.453,0.033,0
1732,0.413,0.573,0.014,1
1733,0.435,0.544,0.021,1
1734,0.512,0.477,0.012,0
1735,0.473,0.513,0.014,1
1736,0.364,0.615,0.021,1
1737,0.584,0.407,0.01,0
1738,0.334,0.656,0.01,1
1739,0.515,0.461,0.024,0
1740,0.486,0.472,0.042,0
1741,0.563,0.427,0.009,0
1742,0.46,0.457,0.083,0
1743,0.397,0.4,0.203,1
1744,0.417,0.56,0.023,1
1745,0.472,0.505,0.022,1
1746,0.532,0.401,0.067,0
1747,0.575,0.396,0.029,0
1748,0.44,0.552,0.009,1
1749,0.538,0.425,0.037,0
1750,0.478,0.5,0.022,1
1751,0.368,0.609,0.023,1
1752,0.545,0.375,0.081,0
1753,0.429,0.558,0.012,1
1754,0.577,0.353,0.07,0
1755,0.685,0.302,0.013,0
1756,0.539,0.443,0.018,0
1757,0.501,0.481,0.018,0
1758,0.441,0.447,0.112,1
1759,0.46,0.523,0.017,1
1760,0.468,0.521,0.011,1
1761,0.508,0.47,0.022,0
1762,0.432,0.507,0.061,1
1763,0.502,0.485,0.013,0
1764,0.436,0.553,0.012,1
1765,0.522,0.413,0.066,0
1766,0.495,0.404,0.101,0
1767,0.376,0.606,0.018,1
1768,0.571,0.406,0.023,0
1769,0.405,0.584,0.011,1
1770,0.45,0.468,0.082,1
1771,0.464,0.52,0.016,1
1772,0.35,0.588,0.062,1
1773,0.468,0.464,0.068,0
1774,0.481,0.505,0.013,1
1775,0.425,0.55,0.025,1
1776,0.367,0.561,0.072,1
1777,0.376,0.587,0.037,1
1778,0.586,0.323,0.09,0
1779,0.423,0.384,0.194,0
1780,0.527,0.462,0.01,0
1781,0.525,0.453,0.022,0
1782,0.665,0.262,0.073,0
1783,0.51,0.437,0.053,0
1784,0.486,0.49,0.024,1
1785,0.464,0.485,0.05,1
1786,0.233,0.746,0.02,1
1787,0.542,0.343,0.115,0
1788,0.495,0.475,0.03,0
1789,0.539,0.387,0.075,0
1790,0.46,0.476,0.065,1
1791,0.42,0.55,0.03,1
1792,0.386,0.389,0.225,1
1793,0.475,0.509,0.016,1
1794,0.596,0.392,0.013,0
1795,0.526,0.31,0.164,0
1796,0.564,0.389,0.047,0
1797,0.475,0.483,0.041,1
1798,0.31,0.521,0.169,1
1799,0.451,0.363,0.186,0
1800,0.401,0.484,0.114,1
1801,0.428,0.484,0.088,1
1802,0.365,0.611,0.025,1
1803,0.455,0.523,0.022,1
1804,0.409,0.576,0.016,1
1805,0.337,0.366,0.297,1
1806,0.517,0.469,0.014,0
1807,0.517,0.466,0.017,0
1808,0.411,0.574,0.015,1
1809,0.471,0.508,0.021,1
1810,0.35,0.631,0.018,1
1811,0.389,0.591,0.02,1
1812,0.456,0.504,0.04,1
1813,0.37,0.564,0.067,1
1814,0.677,0.27,0.052,0
1815,0.562,0.427,0.011,0
1816,0.364,0.598,0.038,1
1817,0.416,0.554,0.03,1
1818,0.526,0.399,0.075,0
1819,0.272,0.548,0.181,1
1820,0.435,0.551,0.014,1
1821,0.475,0.51,0.015,1
1822,0.494,0.49,0.016,0
1823,0.388,0.596,0.015,1
1824,0.374,0.554,0.072,1
1825,0.424,0.556,0.02,1
1826,0.309,0.674,0.016,1
1827,0.582,0.379,0.039,0
1828,0.351,0.627,0.022,1
1829,0.508,0.479,0.013,0
1830,0.613,0.352,0.035,0
1831,0.539,0.446,0.015,0
1832,0.361,0.568,0.072,1
1833,0.388,0.587,0.025,1
1834,0.377,0.585,0.038,1
1835,0.061,0.937,0.002,1
1836,0.725,0.251,0.023,0
1837,0.132,0.862,0.006,1
1838,0.56,0.424,0.016,0
1839,0.412,0.504,0.084,1
1840,0.362,0.625,0.013,1
1841,0.569,0.414,0.018,0
1842,0.46,0.521,0.019,1
1843,0.295,0.453,0.252,1
1844,0.368,0.612,0.02,1
1845,0.539,0.416,0.045,0
1846,0.413,0.561,0.026,1
1847,0.506,0.483,0.011,0
1848,0.471,0.503,0.025,1
1849,0.49,0.436,0.075,0
1850,0.45,0.37,0.181,0
1851,0.375,0.607,0.018,1
1852,0.336,0.651,0.013,1
1853,0.597,0.386,0.017,0
1854,0.356,0.62,0.024,1
1855,0.435,0.501,0.064,1
1856,0.515,0.469,0.017,0
1857,0.436,0.297,0.267,0
1858,0.332,0.645,0.023,1
1859,0.473,0.514,0.013,1
1860,0.481,0.506,0.014,1
1861,0.479,0.481,0.041,1
1862,0.391,0.537,0.072,1
1863,0.468,0.468,0.064,0
1864,0.58,0.406,0.014,0
1865,0.37,0.607,0.022,1
1866,0.494,0.494,0.012,0
1867,0.359,0.624,0.017,1
1868,0.442,0.31,0.247,0
1869,0.427,0.551,0.022,1
1870,0.471,0.398,0.132,0
1871,0.388,0.601,0.012,1
1872,0.341,0.621,0.037,1
1873,0.492,0.495,0.012,1
1874,0.323,0.648,0.029,1
1875,0.536,0.383,0.081,0
1876,0.528,0.447,0.025,0
1877,0.61,0.38,0.01,0
1878,0.444,0.532,0.024,1
1879,0.368,0.623,0.009,1
1880,0.279,0.577,0.144,1
1881,0.548,0.442,0.01,0
1882,0.414,0.558,0.029,1
1883,0.341,0.648,0.01,1
1884,0.597,0.387,0.016,0
1885,0.511,0.392,0.097,0
1886,0.476,0.48,0.044,1
1887,0.514,0.473,0.013,0
1888,0.38,0.472,0.148,1
1889,0.727,0.248,0.025,0
1890,0.109,0.885,0.006,1
1891,0.494,0.477,0.029,0
1892,0.45,0.53,0.02,1
1893,0.439,0.55,0.012,1
1894,0.546,0.437,0.016,0
1895,0.336,0.648,0.016,1
1896,0.282,0.705,0.013,1
1897,0.45,0.511,0.039,1
1898,0.579,0.401,0.021,0
1899,0.546,0.444,0.01,0
1900,0.57,0.407,0.023,0
1901,0.398,0.589,0.013,1
1902,0.32,0.626,0.053,1
1903,0.529,0.422,0.049,0
1904,0.376,0.562,0.062,1
1905,0.355,0.612,0.034,1
1906,0.627,0.359,0.014,0
1907,0.385,0.595,0.02,1
1908,0.423,0.526,0.051,1
1909,0.365,0.604,0.031,1
1910,0.42,0.57,0.009,1
1911,0.38,0.612,0.008,1
1912,0.462,0.528,0.01,1
1913,0.544,0.445,0.01,0
1914,0.294,0.63,0.076,1
1915,0.593,0.396,0.011,0
1916,0.411,0.575,0.014,1
1917,0.38,0.607,0.013,1
1918,0.544,0.442,0.014,0
1919,0.489,0.489,0.022,0
1920,0.397,0.587,0.015,1
1921,0.426,0.535,0.039,1
1922,0.491,0.494,0.015,1
1923,0.471,0.515,0.013,1
1924,0.595,0.388,0.017,0
1925,0.735,0.254,0.01,0
1926,0.532,0.42,0.048,0
1927,0.371,0.615,0.014,1
1928,0.482,0.488,0.03,1
1929,0.561,0.43,0.01,0
1930,0.399,0.587,0.014,1
1931,0.445,0.535,0.02,1
1932,0.484,0.494,0.022,1
1933,0.454,0.527,0.02,1
1934,0.46,0.53,0.01,1
1935,0.429,0.561,0.01,1
1936,0.476,0.509,0.015,1
1937,0.521,0.463,0.017,0
1938,0.464,0.517,0.018,1
1939,0.453,0.426,0.121,0
1940,0.49,0.498,0.012,1
1941,0.528,0.461,0.011,0
1942,0.532,0.445,0.023,0
1943,0.479,0.454,0.067,0
1944,0.441,0.544,0.015,1
1945,0.462,0.518,0.02,1
1946,0.427,0.557,0.016,1
1947,0.491,0.499,0.01,1
1948,0.62,0.364,0.016,0
1949,0.338,0.562,0.1,1
1950,0.547,0.427,0.026,0
1951,0.416,0.568,0.016,1
1952,0.34,0.522,0.137,1
1953,0.55,0.431,0.019,0
1954,0.435,0.549,0.016,1
1955,0.325,0.656,0.019,1
1956,0.818,0.172,0.01,0
1957,0.555,0.383,0.062,0
1958,0.449,0.54,0.011,1
1959,0.535,0.454,0.01,0
1960,0.428,0.558,0.014,1
1961,0.535,0.439,0.026,0
1962,0.349,0.586,0.065,1
1963,0.463,0.521,0.015,1
1964,0.436,0.552,0.013,1
1965,0.47,0.511,0.019,1
1966,0.307,0.551,0.142,1
1967,0.442,0.532,0.027,1
1968,0.443,0.534,0.023,1
1969,0.681,0.299,0.02,0
1970,0.491,0.494,0.015,1
1971,0.498,0.467,0.035,0
1972,0.451,0.416,0.132,0
1973,0.443,0.526,0.031,1
1974,0.473,0.515,0.013,1
1975,0.478,0.443,0.078,0
1976,0.62,0.359,0.022,0
1977,0.359,0.613,0.028,1
1978,0.369,0.616,0.015,1
1979,0.497,0.483,0.019,0
1980,0.292,0.61,0.098,1
1981,0.573,0.41,0.017,0
1982,0.648,0.341,0.011,0
1983,0.426,0.544,0.031,1
1984,0.404,0.58,0.016,1
1985,0.471,0.513,0.016,1
1986,0.383,0.52,0.096,1
1987,0.356,0.601,0.043,1
1988,0.319,0.561,0.12,1
1989,0.584,0.399,0.018,0
1990,0.575,0.411,0.014,0
1991,0.527,0.428,0.046,0
1992,0.29,0.69,0.02,1
1993,0.479,0.506,0.015,1
1994,0.433,0.553,0.014,1
1995,0.4,0.589,0.011,1
1996,0.534,0.456,0.011,0
1997,0.385,0.599,0.016,1
1998,0.565,0.421,0.014,0
1999,0.529,0.458,0.013,0
